,City,Cloudiness,Country,Date,Humidity,Lat,Lng,Max Temp,Windspeed
0,barrow,1,US,1586616104,82,71.29,-156.79,-20.2,11.41
1,east london,100,ZA,1586616104,78,-33.02,27.91,73.4,3.36
2,inhambane,100,MZ,1586616105,68,-23.86,35.38,77.16,8.52
3,nikolskoye,20,RU,1586616105,69,59.7,30.79,39.2,17.9
4,bluff,100,NZ,1586615806,70,-46.6,168.33,54.0,1.99
5,ushuaia,75,AR,1586616105,57,-54.8,-68.3,48.2,6.93
6,coquimbo,100,CL,1586616105,59,-29.95,-71.34,64.4,2.24
7,yellowknife,20,CA,1586616105,77,62.46,-114.35,5.0,8.05
8,cherskiy,100,RU,1586616105,96,68.75,161.3,13.42,10.58
9,dikson,99,RU,1586616106,93,73.51,80.55,10.08,7.72
10,hermanus,100,ZA,1586615887,80,-34.42,19.23,69.01,5.99
11,severo-kurilsk,67,RU,1586616106,94,50.68,156.12,28.44,10.02
12,atuona,97,PF,1586616106,72,-9.8,-139.03,82.11,8.75
13,jamestown,90,US,1586616106,64,42.1,-79.24,39.2,16.11
14,sola,22,VU,1586616106,75,-13.88,167.55,80.37,13.02
15,tiksi,31,RU,1586615816,93,71.69,128.87,21.88,17.09
16,mayo,1,US,1586616106,42,38.89,-76.51,53.01,13.87
17,vaini,20,TO,1586616106,93,-21.2,-175.2,66.2,3.36
18,rheinau,13,DE,1586616107,33,48.87,8.2,75.99,10.29
19,bredasdorp,100,ZA,1586616107,47,-34.53,20.04,75.2,6.93
20,cidreira,18,BR,1586616107,57,-30.18,-50.21,71.35,6.04
21,punta arenas,75,CL,1586616107,81,-53.15,-70.92,44.6,16.11
22,rikitea,97,PF,1586616107,74,-23.12,-134.97,76.62,4.76
23,sao jose da coroa grande,94,BR,1586616107,63,-8.9,-35.15,86.11,8.3
24,hilo,1,US,1586616107,82,19.73,-155.09,68.0,4.7
25,longyearbyen,20,SJ,1586616108,64,78.22,15.64,-0.4,4.7
26,la rioja,75,ES,1586616108,87,42.25,-2.5,60.8,3.36
27,la joya,5,MX,1586616108,29,18.67,-99.47,77.0,4.7
28,tuktoyaktuk,40,CA,1586616108,76,69.45,-133.04,-9.4,6.93
29,qaanaaq,70,GL,1586616108,78,77.48,-69.36,11.19,6.06
30,santa rosa,40,PH,1586616108,70,14.31,121.11,84.2,5.82
31,thompson,90,CA,1586616108,72,55.74,-97.86,17.6,6.93
32,henties bay,0,NA,1586616108,48,-22.12,14.28,78.55,12.57
33,nago,20,JP,1586616109,88,26.59,127.98,68.0,13.87
34,kodiak,90,US,1586616109,80,57.79,-152.41,39.2,14.99
35,upernavik,100,GL,1586616109,88,72.79,-56.15,19.63,7.27
36,busselton,100,AU,1586616109,46,-33.65,115.33,71.01,1.88
37,albany,40,US,1586615859,48,42.6,-73.97,45.0,18.34
38,port hawkesbury,90,CA,1586616109,69,45.62,-61.35,39.99,23.04
39,la peca,100,PE,1586616110,67,-5.61,-78.44,69.85,1.05
41,vagur,99,FO,1586616110,92,61.47,-6.81,45.48,18.86
42,jumla,15,NP,1586616023,25,29.27,82.18,48.42,2.68
44,tukrah,57,LY,1586616110,53,32.53,20.58,63.19,10.13
45,san cristobal,100,VE,1586615826,44,7.77,-72.22,79.05,3
46,kalabo,100,ZM,1586616110,52,-14.97,22.68,77.14,3.42
47,black river,20,JM,1586616110,74,18.03,-77.85,84.2,10.29
48,tieli,18,CN,1586616110,59,46.95,128.05,40.48,2.86
49,port alfred,100,ZA,1586616111,89,-33.59,26.89,68.0,3
50,ponta do sol,75,PT,1586615905,68,32.67,-17.1,64.4,11.41
51,vao,21,NC,1586615893,78,-22.67,167.48,75.27,15.66
52,kapaa,1,US,1586615974,73,22.08,-159.32,75.2,8.05
53,puerto ayora,75,EC,1586615948,88,-0.74,-90.35,81.0,6.93
54,carnarvon,58,AU,1586616111,83,-24.87,113.63,78.8,12.75
55,bengkulu,54,ID,1586616111,78,-3.8,102.27,80.37,4.59
56,whitehorse,5,CA,1586615850,65,60.72,-135.05,6.8,1.5
57,the valley,20,AI,1586616111,66,18.22,-63.06,87.8,6.93
58,aklavik,40,CA,1586616111,84,68.22,-135.01,-2.2,2.24
59,airai,25,TL,1586615988,74,-8.93,125.41,60.71,0.96
60,beyla,10,GN,1586616112,32,8.68,-8.63,91.4,4.99
61,huilong,75,CN,1586616112,82,31.81,121.66,50.0,12.84
62,alofi,100,NU,1586616112,94,-19.06,-169.92,68.0,2.24
63,new norfolk,75,AU,1586615824,71,-42.78,147.06,51.8,12.75
65,nome,1,US,1586616113,92,64.5,-165.41,23.0,9.17
66,marshall,1,US,1586616113,40,34.38,-86.33,57.0,4.7
67,asau,83,RO,1586616113,23,46.43,26.4,62.6,6.93
68,castro,75,BR,1586616113,45,-24.79,-50.01,69.13,2.66
69,port lavaca,90,US,1586616113,83,28.61,-96.63,75.2,11.41
70,katobu,100,ID,1586616114,90,-4.94,122.53,75.96,3.06
71,chililabombwe,66,ZM,1586616114,56,-12.36,27.82,73.0,4.5
72,salinopolis,55,BR,1586616114,82,-0.61,-47.36,82.69,10.85
74,formiga,60,BR,1586616114,61,-20.46,-45.43,75.38,6.55
75,beloha,87,MG,1586616114,76,-25.17,45.05,75.22,15.48
76,buraydah,75,SA,1586616114,26,26.33,43.98,82.4,5.82
77,bambous virieux,40,MU,1586616115,78,-20.34,57.76,80.01,14.99
78,hobart,75,AU,1586616115,71,-42.88,147.33,51.8,12.75
79,mataura,100,NZ,1586616115,70,-46.19,168.86,54.0,3
81,bandar-e anzali,53,IR,1586616115,72,37.47,49.46,52.99,4.59
82,pangnirtung,75,CA,1586616115,66,66.15,-65.71,14.0,2.24
83,pachino,84,IT,1586616115,48,36.72,15.09,66.2,8.05
84,nouadhibou,0,MR,1586616115,22,20.93,-17.03,91.4,19.46
85,olafsvik,12,IS,1586616115,78,64.89,-23.71,38.68,24.9
86,murgab,90,TM,1586616116,73,37.5,61.97,71.6,6.93
88,morgan city,1,US,1586616116,68,29.7,-91.21,69.8,9.17
89,alto paraguai,70,BR,1586616116,62,-14.51,-56.48,86.47,2.93
90,zile,11,TR,1586616116,33,40.3,35.89,59.0,23.04
91,santa marta,75,CO,1586616116,79,11.24,-74.2,86.0,6.93
93,ayodhya,18,IN,1586616117,17,26.8,82.2,88.12,7.54
94,butaritari,89,KI,1586616116,76,3.07,172.79,83.82,12.62
95,cape town,20,ZA,1586615939,73,-33.93,18.42,69.8,21.92
96,padang,100,ID,1586616117,75,-0.95,100.35,80.53,3.38
97,hanzhong,0,CN,1586616117,35,33.07,107.03,52.07,1.54
98,oksfjord,100,NO,1586616117,91,70.24,22.35,34.0,6.93
99,bethel,20,US,1586616117,38,41.37,-73.41,46.99,16.11
100,ixtapa,75,MX,1586616118,82,20.7,-105.2,73.99,4.16
101,nanortalik,90,GL,1586616118,68,60.14,-45.24,39.49,16.24
103,mahebourg,40,MU,1586616118,78,-20.41,57.7,80.01,14.99
104,saint-philippe,82,RE,1586616062,69,-21.36,55.77,78.8,21.92
105,marsa matruh,0,EG,1586616118,53,31.35,27.25,63.97,9.66
106,san patricio,75,MX,1586616074,73,19.22,-104.7,71.6,1.41
107,ancud,0,CL,1586616118,71,-41.87,-73.82,50.0,4.7
108,qasigiannguit,75,GL,1586616119,44,68.82,-51.19,37.4,12.75
109,bayir,20,TR,1586616119,31,37.27,28.22,75.2,10.29
111,moyale,55,KE,1586616119,49,3.52,39.06,77.68,7.36
112,kieta,92,PG,1586616119,79,-6.22,155.63,80.24,2.82
113,acajutla,100,SV,1586616119,65,13.59,-89.83,82.0,1.99
114,ankara,40,TR,1586616054,25,39.92,32.85,62.6,11.41
115,vila velha,75,BR,1586615830,88,-20.33,-40.29,79.0,11.41
116,los llanos de aridane,75,ES,1586616120,73,28.66,-17.92,69.8,11.41
117,kavaratti,2,IN,1586616120,67,10.57,72.64,85.37,3.33
118,sao filipe,0,CV,1586616120,71,14.9,-24.5,76.42,18.34
119,healdsburg,90,US,1586616120,93,38.61,-122.87,51.8,0.25
122,khatanga,80,RU,1586616121,94,71.97,102.5,7.07,12.57
123,pokhara,27,NP,1586616121,19,28.23,83.98,66.06,5.88
124,boundiali,13,CI,1586616121,23,9.52,-6.49,99.68,5.26
125,georgetown,20,MY,1586615896,79,5.41,100.34,86.0,6.93
126,balkanabat,98,TM,1586616121,49,39.51,54.37,61.48,7.58
127,tura,31,IN,1586616121,36,25.52,90.22,76.46,2.42
128,vidim,54,RU,1586616121,86,56.41,103.11,29.57,3.38
129,whitianga,2,NZ,1586616122,75,-36.83,175.7,60.21,5.37
130,mar del plata,40,AR,1586616122,93,-38,-57.56,69.01,11.41
131,palmer,40,US,1586616122,38,42.16,-72.33,46.4,19.46
132,katherine,75,AU,1586616122,74,-14.47,132.27,78.8,6.93
133,palaikastron,0,GR,1586616122,65,35.2,26.25,63.18,14.43
134,pevek,100,RU,1586616122,94,69.7,170.31,6.35,12.48
135,sur,0,OM,1586616122,53,22.57,59.53,84.16,11.99
136,fortuna,90,US,1586616113,100,40.6,-124.16,51.01,9.46
137,karatsu,75,JP,1586616123,76,33.44,129.97,52.0,11.41
138,cabo san lucas,75,MX,1586616123,62,22.89,-109.91,68.0,13.65
139,hithadhoo,92,MV,1586616123,67,-0.6,73.08,85.15,8.48
140,eenhana,89,NA,1586616123,45,-17.47,16.33,87.8,8.05
141,muros,75,ES,1586616123,87,42.78,-9.06,63.0,2.24
142,maryville,20,US,1586616123,52,35.76,-83.97,55.0,3.36
143,tsiroanomandidy,17,MG,1586616124,51,-18.77,46.03,72.81,0.83
144,avarua,87,CK,1586616124,100,-21.21,-159.78,78.8,1.12
145,ukiah,90,US,1586616124,87,39.15,-123.21,51.01,0.6
146,aksarka,39,RU,1586616124,92,66.56,67.8,21.78,15.66
147,fukue,100,JP,1586616124,81,32.69,128.84,56.62,7.78
148,rio tercero,7,AR,1586616124,40,-32.17,-64.11,69.69,14.36
149,buala,100,SB,1586616124,78,-8.14,159.59,82.33,7.56
150,tuatapere,100,NZ,1586616124,70,-46.13,167.68,54.0,3
151,arraial do cabo,75,BR,1586616125,78,-22.97,-42.03,75.2,9.17
153,beroroha,0,MG,1586616125,43,-21.67,45.17,82.85,3.87
154,sept-iles,75,CA,1586615879,51,50.2,-66.38,35.6,17.22
155,trn,20,BA,1586616125,28,44.86,17.24,73.4,5.82
156,talnakh,90,RU,1586616119,100,69.49,88.4,24.8,33.55
157,salmas,80,IR,1586616125,35,38.2,44.77,49.53,3.44
158,kulhudhuffushi,0,MV,1586616125,66,6.62,73.07,86.07,7.72
159,nova era,55,BR,1586616125,61,-19.75,-43.04,76.57,4.99
160,saint-leu,58,RE,1586616126,69,-21.15,55.28,78.8,21.92
161,pacific grove,90,US,1586616126,76,36.62,-121.92,55.99,4.7
162,bathsheba,40,BB,1586616126,62,13.22,-59.52,84.2,14.99
163,shurob,100,TJ,1586616126,37,40.05,70.55,54.81,1.19
164,galle,4,LK,1586616126,79,6.04,80.22,81.36,6.13
165,urdoma,78,RU,1586616126,91,61.75,48.54,29.32,1.43
166,mackenzie,1,CA,1586616126,85,55.3,-123.17,15.8,3.36
167,straumen,100,NO,1586616126,49,63.87,11.3,48.2,14.99
168,sapouy,99,BF,1586616127,18,11.55,-1.77,100.8,7.7
169,manoel urbano,84,BR,1586616127,54,-8.84,-69.26,85.51,3.78
170,shillong,75,IN,1586616127,73,25.57,91.88,77.0,1.59
171,demirci,5,TR,1586616127,10,39.05,28.66,68.0,58
172,katsuura,75,JP,1586616127,62,35.13,140.3,55.4,12.75
173,roma,40,US,1586616127,60,43.21,-75.46,39.2,14.99
174,richards bay,0,ZA,1586616127,72,-28.78,32.04,78.28,19.06
175,riyadh,75,SA,1586616013,13,24.69,46.72,91.4,6.93
176,kodinsk,24,RU,1586616128,92,58.69,99.18,31.3,3.47
177,eureka,90,US,1586616112,87,40.8,-124.16,52.0,3.36
178,orcopampa,0,PE,1586616128,9,-15.27,-72.34,55.15,4.47
179,mont-de-marsan,44,FR,1586616128,41,44,-0.67,75.2,4.7
181,la palma,1,US,1586616128,81,33.85,-118.05,55.4,5.82
182,viedma,100,AR,1586616129,50,-40.81,-63,68.88,9.69
183,sidhi,3,IN,1586616129,16,24.42,81.88,87.22,3.8
184,geraldton,0,AU,1586616129,88,-28.77,114.6,73.99,6.93
185,heihe,3,CN,1586616129,30,50.24,127.49,44.6,6.93
186,pimampiro,75,EC,1586616129,93,0.4,-77.97,55.4,2.62
187,moree,0,AU,1586616129,72,-29.47,149.85,60.8,13.87
188,chuy,8,UY,1586615834,57,-33.7,-53.46,70.43,4.09
190,hofn,85,IS,1586616130,84,64.25,-15.21,42.84,14.25
191,chokurdakh,100,RU,1586616130,98,70.63,147.92,28.2,16.17
192,mount gambier,90,AU,1586615864,71,-37.83,140.77,51.8,8.05
193,naze,75,JP,1586616130,88,28.37,129.48,64.4,8.05
194,manzhouli,0,CN,1586616130,32,49.6,117.43,47.52,7.34
195,ayan,0,RU,1586616130,83,56.45,138.17,33.53,15.95
196,seydisehir,0,TR,1586616130,25,37.42,31.85,55.22,9.71
197,karasjok,40,NO,1586616130,51,69.47,25.51,35.6,21.92
199,axim,91,GH,1586616131,74,4.87,-2.24,84.52,7.07
200,ribeira grande,20,PT,1586616131,77,38.52,-28.7,64.4,5.82
201,berlevag,97,NO,1586616131,89,70.86,29.09,27.63,10.6
202,diego de almagro,0,CL,1586616131,20,-26.37,-70.05,76.41,6.55
203,atar,0,MR,1586616131,9,20.52,-13.05,100.11,7.65
204,namatanai,68,PG,1586616131,75,-3.67,152.43,82.09,4.21
205,boa vista,40,BR,1586615983,49,2.82,-60.67,89.6,13.87
206,souillac,40,MU,1586616131,78,-20.52,57.52,80.01,14.99
207,nicoya,95,CR,1586616132,62,10.15,-85.45,84.2,3.36
208,luau,93,AO,1586616132,58,-10.71,22.22,76.59,2.13
209,tongren,38,CN,1586616132,77,27.72,109.19,47.28,1.86
210,sao joao da barra,75,BR,1586616132,69,-21.64,-41.05,78.8,7.27
211,arlit,93,NE,1586616132,7,18.74,7.39,101.53,5.86
212,belaya gora,95,RU,1586616132,95,68.53,146.42,22.32,11.88
213,nakhabino,30,RU,1586616132,30,55.85,37.18,44.01,13.42
214,mawlaik,10,MM,1586616132,23,23.63,94.42,81.59,1.79
215,ilulissat,75,GL,1586616127,44,69.22,-51.1,37.4,12.75
216,panguna,94,PG,1586616132,81,-6.32,155.48,71.4,1.61
217,pangai,15,TO,1586616133,62,-19.8,-174.35,76.89,6.55
218,guerrero negro,96,MX,1586616133,69,27.98,-114.06,60.15,5.68
219,la ronge,75,CA,1586615983,66,55.1,-105.28,15.8,12.75
220,labuhan,80,ID,1586616119,82,-6.88,112.21,79.61,2.71
221,poum,20,NC,1586616131,71,-20.23,164.02,77.77,11.3
222,pisco,90,PE,1586616129,30,-13.7,-76.22,73.0,1.12
223,husavik,90,IS,1586616133,93,66.04,-17.34,35.6,6.93
224,saint-augustin,100,CA,1586616133,94,51.23,-58.65,33.22,7.47
225,north bend,90,US,1586616133,100,43.41,-124.22,46.99,9.17
226,pathardi,27,IN,1586616134,15,19.17,75.18,88.74,2.1
227,fershampenuaz,91,RU,1586616134,76,53.52,59.81,40.21,7.2
228,tsumeb,93,NA,1586616134,37,-19.23,17.72,78.03,7.36
229,kapoeta,39,SS,1586616134,25,4.77,33.59,95.09,14.41
230,tasiilaq,40,GL,1586616134,68,65.61,-37.64,30.2,26.4
231,vostok,0,RU,1586616134,90,46.49,135.88,24.46,4.21
232,hauzenberg,20,DE,1586616134,32,48.65,13.63,71.01,6.93
233,lompoc,90,US,1586616076,93,34.64,-120.46,54.0,3.36
234,lasa,5,IT,1586616122,33,46.62,10.7,78.8,5.82
236,grindavik,75,IS,1586616135,81,63.84,-22.43,44.6,19.46
239,broome,40,US,1586616054,47,42.25,-75.83,39.99,13.87
240,yar-sale,100,RU,1586616117,97,66.83,70.83,31.66,14.85
241,narasannapeta,0,IN,1586616135,80,18.42,84.05,80.96,5.01
242,moerai,100,PF,1586616135,85,-22.43,-151.33,81.34,5.73
243,portland,75,US,1586615510,81,45.52,-122.68,48.2,1.52
244,bukachacha,0,RU,1586616135,47,52.98,116.92,41.22,0.72
245,inyonga,82,TZ,1586616135,61,-6.72,32.07,73.65,5.06
246,ziro,26,IN,1586616136,46,27.63,93.83,52.77,3.29
247,eyl,0,SO,1586615879,61,7.98,49.82,84.51,12.37
248,tarut,75,SA,1586616136,83,26.57,50.04,84.2,12.75
249,luderitz,0,NA,1586616114,28,-26.65,15.16,86.0,4.7
250,stodolishche,55,RU,1586616136,60,54.19,32.65,41.09,14.45
251,esik,90,KZ,1586616136,71,43.36,77.45,51.8,2.24
252,saryg-sep,98,RU,1586616136,69,51.5,95.6,35.8,1.9
253,tucurui,91,BR,1586616137,71,-3.77,-49.67,83.68,1.81
254,songjianghe,13,CN,1586616137,67,42.19,127.48,32.92,5.06
255,lebu,0,CL,1586616118,59,-37.62,-73.65,58.82,13.04
256,kruisfontein,100,ZA,1586616137,45,-34,24.73,70.36,5.3
257,nowy tomysl,100,PL,1586616138,29,52.32,16.13,60.8,1.12
258,macomb,1,US,1586616119,63,40.46,-90.67,55.99,10.29
259,sault sainte marie,40,CA,1586615928,69,46.52,-84.33,35.6,4.7
260,birjand,75,IR,1586616090,46,32.87,59.22,71.6,13.87
261,sistranda,100,NO,1586616138,61,63.73,8.83,46.4,12.75
262,liberia,100,LR,1586616139,51,6.5,-9.5,90.27,1.28
263,hesla,1,IN,1586616139,12,24.07,85.88,85.05,4.63
265,rincon,20,US,1586616118,51,32.3,-81.24,69.01,4.23
266,faanui,100,PF,1586616139,75,-16.48,-151.75,82.49,10.49
267,saint george,1,US,1586615994,81,37.1,-113.58,52.0,3.36
268,margate,41,GB,1586616141,59,51.38,1.39,71.01,10.29
270,san clemente,1,US,1586616141,93,33.43,-117.61,53.01,3.83
271,caravelas,32,BR,1586616141,80,-17.71,-39.25,81.25,10.56
272,sipovo,48,BA,1586616142,38,44.28,17.08,63.86,8.75
274,omboue,100,GA,1586615960,85,-1.57,9.26,79.25,6.85
275,borkenes,100,NO,1586616142,74,68.77,16.17,37.99,23.04
276,itarema,100,BR,1586616142,75,-2.92,-39.92,84.61,7.47
277,half moon bay,90,US,1586616143,87,37.46,-122.43,54.0,4.9
278,strezhevoy,100,RU,1586616143,61,60.73,77.59,46.4,8.95
279,daru,80,PG,1586616143,87,-9.08,143.21,80.13,10.51
280,basoko,98,CD,1586616143,55,1.24,23.62,86.47,1.99
281,saskylakh,90,RU,1586616130,94,71.92,114.08,13.53,15.1
282,euclides da cunha,99,BR,1586616144,41,-10.51,-39.02,89.31,5.26
284,roald,100,NO,1586616144,87,62.58,6.13,44.6,9.17
285,leningradskiy,100,RU,1586616144,82,69.38,178.42,6.91,5.39
286,chernaya kholunitsa,100,RU,1586616144,90,58.85,51.72,33.1,4.63
287,batemans bay,3,AU,1586616144,80,-35.72,150.18,42.01,10.94
288,altay,31,CN,1586616145,39,47.87,88.12,44.33,5.26
289,maumere,3,ID,1586616145,74,-8.62,122.21,79.74,4.88
290,taitung,86,TW,1586616145,67,22.76,121.14,74.53,1.54
292,cantagallo,40,CO,1586616145,74,7.38,-73.92,86.0,2.24
293,damghan,38,IR,1586616145,33,36.17,54.35,61.56,8.16
294,imbituba,1,BR,1586616145,60,-28.24,-48.67,73.4,3.36
295,sibu,75,MY,1586616146,94,2.3,111.82,77.0,3.36
296,bilibino,99,RU,1586616146,89,68.05,166.44,6.35,1.92
297,itaituba,100,BR,1586616146,76,-4.28,-55.98,82.31,4.23
298,cayenne,75,GF,1586616139,66,4.93,-52.33,86.0,12.75
299,aksu,72,CN,1586616146,17,41.12,80.26,63.73,3.29
301,derzhavinsk,95,KZ,1586616146,50,51.1,66.32,46.83,10.51
302,osoyoos,40,CA,1586616147,28,49.03,-119.45,46.4,19.46
304,kitimat,5,CA,1586616147,47,54.05,-128.65,34.0,14.99
306,karaton,20,ID,1586616137,74,-6.34,106.1,84.2,2.24
307,provideniya,100,RU,1586615837,96,64.38,-173.3,24.85,3.96
308,ostrovnoy,97,RU,1586616147,94,68.05,39.51,25.81,14.52
309,sitka,20,US,1586616127,80,57.05,-135.33,30.2,4.7
310,athens,20,GR,1586615899,28,37.98,23.72,73.4,5.82
311,chancay,90,PE,1586616148,83,-11.57,-77.27,71.6,8.05
312,leeton,0,AU,1586616148,62,-34.57,146.4,51.8,9.17
313,auki,95,SB,1586616148,78,-8.77,160.7,81.5,6.02
314,dhangadhi,0,NP,1586616148,17,28.71,80.6,83.59,4.45
315,mamallapuram,20,IN,1586616004,74,12.63,80.17,86.0,8.05
316,mananjary,7,MG,1586616149,80,-21.22,48.33,76.64,5.84
317,vila franca do campo,20,PT,1586616149,63,37.72,-25.43,62.6,17.22
318,comodoro rivadavia,0,AR,1586615927,46,-45.87,-67.5,53.6,17.22
319,vanavara,42,RU,1586616149,93,60.34,102.28,29.17,4.65
320,fairbanks,20,US,1586616128,92,64.84,-147.72,21.99,4.7
321,kaitangata,73,NZ,1586615909,96,-46.28,169.85,50.0,3
322,novospasskoye,100,RU,1586616149,48,53.15,47.75,48.87,12.64
323,seminole,20,US,1586616149,46,28.71,-81.21,77.0,10.29
324,sungaipenuh,100,ID,1586616150,73,-2.08,101.38,69.12,1.41
325,gobabis,80,NA,1586616150,44,-22.45,18.97,80.6,1.12
326,usak,0,TR,1586616005,10,38.5,29.42,68.0,58
327,villazon,0,BO,1586616150,11,-22.09,-65.59,54.84,3.42
328,college,20,US,1586616150,92,64.86,-147.8,24.8,4.7
329,bambanglipuro,18,ID,1586616150,77,-7.95,110.28,79.52,3.15
330,komsomolskiy,90,UZ,1586616151,67,40.43,71.72,59.0,4.7
331,peniche,40,PT,1586616151,72,39.36,-9.38,68.0,8.05
332,victoria,40,HK,1586616056,100,22.29,114.16,73.0,9.17
333,bac lieu,6,VN,1586615903,73,9.29,105.72,81.48,9.28
334,matata,27,NZ,1586616151,95,-37.88,176.75,54.0,3.02
335,kavieng,97,PG,1586616145,76,-2.57,150.8,82.87,5.23
336,vardo,97,NO,1586616151,90,70.37,31.11,29.89,13.24
337,ruyigi,53,BI,1586616152,56,-3.45,30.32,69.8,4.14
339,rio gallegos,75,AR,1586616066,48,-51.62,-69.22,44.6,17.22
340,tadine,42,NC,1586616154,77,-21.55,167.88,73.81,7.38
341,taksimo,88,RU,1586616154,62,56.34,114.88,35.96,0.69
343,ust-maya,11,RU,1586616154,96,60.42,134.53,24.93,4.52
344,avera,1,US,1586615943,42,33.19,-82.53,62.01,6.93
347,constantine,75,DZ,1586616155,63,36.37,6.61,62.6,4.7
348,namibe,7,AO,1586616155,60,-15.2,12.15,80.22,9.62
349,zyryanka,7,RU,1586616155,94,65.75,150.85,15.04,1.7
350,haines junction,0,CA,1586616042,71,60.75,-137.51,14.59,1.54
351,orlik,100,RU,1586616155,52,52.52,99.83,33.4,1.19
352,vieques,40,PR,1586616156,69,18.43,-65.83,86.0,5.01
353,tyssedal,100,NO,1586616156,92,60.12,6.56,43.0,5.41
354,port lincoln,52,AU,1586616156,65,-34.73,135.87,56.37,7.94
355,mendi,100,PG,1586616156,56,-6.18,143.65,55.76,1.3
356,ugoofaaru,9,MV,1586616156,68,5.67,73,85.78,6.73
357,susner,5,IN,1586616156,11,23.95,76.08,91.81,6.53
358,isla vista,1,US,1586616157,71,34.41,-119.86,55.99,5.82
359,gazanjyk,100,TM,1586616157,41,39.24,55.52,64.76,5.84
361,misratah,28,LY,1586616157,54,32.38,15.09,63.28,12.46
362,iralaya,100,HN,1586616158,78,15,-83.23,82.4,4.7
363,san juan,70,AR,1586616158,34,-31.54,-68.54,73.2,5.35
364,bilma,99,NE,1586616132,8,18.69,12.92,97.12,12.5
366,codrington,49,AU,1586616158,77,-38.27,141.97,51.42,13.09
367,rabo de peixe,20,PT,1586616159,63,37.8,-25.58,62.6,17.22
368,takoradi,100,GH,1586616159,76,4.88,-1.76,84.33,7.29
369,saldanha,70,ZA,1586616159,85,-33.01,17.94,65.48,12.77
371,clyde river,75,CA,1586616159,78,70.47,-68.59,10.4,17.22
372,panama city,20,PA,1586615881,74,8.99,-79.52,89.01,8.05
373,sao gabriel da cachoeira,100,BR,1586616159,70,-0.13,-67.09,84.11,3.44
374,hokitika,100,NZ,1586616160,78,-42.72,170.97,55.53,8.1
375,saint thomas,40,BB,1586616160,62,13.18,-59.58,84.2,14.99
376,san carlos de bariloche,20,AR,1586616160,39,-41.15,-71.31,48.2,9.17
377,puerto del rosario,20,ES,1586616160,64,28.5,-13.86,75.2,17.22
378,sabang,19,ID,1586616160,78,5.89,95.32,83.21,12.75
379,pauini,87,BR,1586615895,69,-7.71,-66.98,84.02,2.3
380,kagalnitskaya,98,RU,1586616161,30,46.88,40.15,53.01,18.01
381,kargasok,49,RU,1586616161,92,59.06,80.86,34.79,8.97
382,grand bank,40,CA,1586616161,86,47.1,-55.77,39.2,21.92
383,puerto vallarta,75,MX,1586616117,82,20.62,-105.23,73.99,4.59
384,marsh harbour,94,BS,1586616161,72,26.54,-77.06,72.66,13.33
385,sindor,85,RU,1586616161,92,62.86,51.89,27.5,1.63
386,isangel,59,VU,1586616162,67,-19.55,169.27,76.98,9.51
387,rawson,7,AR,1586616131,31,-43.3,-65.1,61.32,19.53
388,abu dhabi,100,AE,1586616021,11,24.47,54.37,102.2,16.11
389,tutoia,93,BR,1586616162,73,-2.76,-42.27,85.08,7.11
390,kutum,74,SD,1586616162,8,14.2,24.67,91.51,9.64
391,sainte-rose,75,GP,1586616162,66,16.33,-61.7,84.2,14.99
392,kahului,1,US,1586616162,78,20.89,-156.47,71.6,5.82
393,baghdad,40,IQ,1586615972,29,33.34,44.4,78.8,11.41
394,lagoa,0,PT,1586616126,69,39.05,-27.98,61.59,9.22
395,torbay,90,CA,1586616163,90,47.67,-52.73,44.01,19.46
396,sudak,77,UA,1586616163,47,44.85,34.97,52.97,3.6
397,hobyo,0,SO,1586616163,61,5.35,48.53,84.65,14.05
398,narsaq,75,GL,1586616151,34,60.92,-46.05,48.2,3.36
400,palafrugell,20,ES,1586616164,46,41.92,3.16,73.0,19.46
401,quatre cocos,40,MU,1586616164,78,-20.21,57.76,80.01,14.99
402,bikin,0,RU,1586616164,70,46.82,134.26,34.5,0.36
404,satkhira,40,BD,1586616164,70,22.72,89.1,86.0,13.87
405,samarai,73,PG,1586616140,72,-10.62,150.67,78.75,4.25
406,anadyr,0,RU,1586616165,84,64.75,177.48,1.4,13.42
407,bratsk,47,RU,1586616165,79,56.13,101.61,28.4,2.24
408,savonlinna,40,FI,1586616165,51,61.87,28.88,37.99,5.82
409,chacarita,100,CR,1586616165,57,9.98,-84.77,77.0,13.87
410,jati,100,PK,1586616165,50,24.35,68.27,83.35,12.26
411,isla mujeres,20,MX,1586616165,70,21.23,-86.73,84.2,12.75
412,bowen,99,AU,1586616166,94,-20.02,148.23,72.0,1.12
413,bintulu,75,MY,1586616025,100,3.17,113.03,78.8,3.36
415,bandarbeyla,4,SO,1586616166,64,9.49,50.81,83.23,10.89
416,norman wells,75,CA,1586616166,92,65.28,-126.83,21.2,2.24
418,bereda,90,ES,1586615932,87,43.27,-7.54,64.0,3.36
419,sturgeon falls,75,CA,1586616167,68,46.36,-79.93,30.2,9.17
420,blagoyevo,97,RU,1586616167,93,63.37,47.92,27.54,1.79
421,phayao,58,TH,1586616167,29,19.25,100.25,81.54,1.79
423,valasske mezirici,66,CZ,1586616167,34,49.47,17.97,64.0,8.05
424,cabedelo,40,BR,1586616151,59,-6.98,-34.83,89.6,9.17
425,rocha,0,UY,1586616150,51,-34.48,-54.33,71.83,3.8
426,thinadhoo,25,MV,1586616168,60,0.53,72.93,84.96,4.21
427,gwanda,0,ZW,1586616168,23,-20.93,29,82.26,7.81
428,saint-louis,35,SN,1586616168,6,16.33,-15,106.93,4.14
429,nizwa,94,OM,1586616168,13,22.93,57.53,90.07,10.63
430,port elizabeth,100,ZA,1586616066,60,-33.92,25.57,68.0,9.17
431,qaqortoq,75,GL,1586616069,34,60.72,-46.03,48.2,3.36
432,hasaki,75,JP,1586615946,66,35.73,140.83,50.0,4.7
433,port hardy,75,CA,1586616126,93,50.7,-127.42,39.2,3.36
435,laurel,1,US,1586616169,43,39.1,-76.85,53.01,10.29
436,nara,100,JP,1586616128,62,34.69,135.8,55.4,10.29
437,rafai,88,CF,1586616169,52,4.95,23.92,84.02,2.35
438,tiarei,20,PF,1586616169,78,-17.53,-149.33,78.8,2.24
439,korla,34,CN,1586616169,18,41.76,86.15,63.23,4.76
440,fort-shevchenko,0,KZ,1586616169,59,44.51,50.26,50.49,8.01
442,mungaoli,11,IN,1586616170,12,24.42,78.1,88.74,3.56
444,muli,4,MV,1586616170,61,2.92,73.57,85.84,2.19
445,nuuk,90,GL,1586616082,69,64.18,-51.72,37.4,3.36
446,baltasi,100,RU,1586616170,84,56.35,50.21,39.18,4.63
447,dickinson,40,US,1586615941,82,29.46,-95.05,75.0,6.93
448,ariquemes,79,BR,1586616170,75,-9.91,-63.04,82.92,1.95
449,beringovskiy,93,RU,1586616170,93,63.05,179.32,6.48,11.45
450,nacimiento,40,CL,1586616170,87,-37.5,-72.67,57.2,13.87
451,kyzyl-mazhalyk,2,RU,1586616170,49,51.13,90.6,39.15,1.61
452,lincoln,20,US,1586615987,57,40.8,-96.67,55.99,4.7
453,saint anthony,75,US,1586615996,56,45.02,-93.22,48.99,2.64
454,kailua,90,US,1586616163,65,21.4,-157.74,77.0,3.36
455,shingu,100,JP,1586615946,49,33.73,135.98,49.96,5.44
456,oga,24,IT,1586616171,28,46.46,10.35,62.6,6.93
457,zhuanghe,42,CN,1586616171,29,39.7,122.99,51.01,1.01
460,meulaboh,61,ID,1586616157,78,4.14,96.13,81.64,2.21
461,esperance,62,AU,1586616130,64,-33.87,121.9,69.8,12.75
462,belogorsk,2,RU,1586616172,68,50.92,128.46,42.87,5.08
463,muleba,0,TZ,1586616172,48,-1.84,31.65,75.85,5.08
464,xiongzhou,100,CN,1586616172,80,25.12,114.3,56.39,4.65
465,forio,0,IT,1586616172,72,40.73,13.86,69.01,9.17
466,ngunguru,1,NZ,1586616172,94,-35.62,174.5,59.0,7.16
467,port victoria,27,KE,1586616172,52,0.09,33.98,77.13,11.43
468,aripuana,38,BR,1586616172,69,-9.17,-60.63,86.34,0.78
469,gelemso,87,ET,1586616172,39,8.82,40.52,70.02,6.49
470,igboho,33,NG,1586616173,20,8.83,3.75,98.06,7.52
472,assiniboia,100,CA,1586616174,74,49.63,-105.98,27.43,13.49
473,gat,40,IL,1586616152,68,31.61,34.76,66.99,11.41
474,constitucion,100,CL,1586616174,70,-35.33,-72.42,60.84,8.59
475,christchurch,90,NZ,1586615992,100,-43.53,172.63,55.99,3.36
476,dingle,3,PH,1586616033,69,11,122.67,79.02,7.43
477,erzurum,40,TR,1586616175,33,40,41.5,46.4,12.75
478,stykkisholmur,72,IS,1586616175,80,65.08,-22.73,37.81,13.67
479,mecca,33,SA,1586616084,20,21.43,39.83,80.17,18.45
480,challans,0,FR,1586616175,34,46.84,-1.87,78.8,3.36
481,yenagoa,90,NG,1586616176,57,4.92,6.26,84.04,10.04
482,panaba,25,MX,1586616176,51,21.28,-88.27,87.28,9.86
483,cagliari,20,IT,1586616176,30,39.24,9.09,71.6,9.17
484,sidney,0,AU,1586616001,41,-33.87,151.21,61.0,14.99
485,tabas,100,IR,1586616176,82,33.6,56.92,60.8,24.16
486,natal,20,BR,1586616176,74,-5.79,-35.21,86.0,6.93
487,beira,75,MZ,1586616177,57,-19.84,34.84,80.6,9.17
488,port-gentil,20,GA,1586616177,83,-0.72,8.78,80.6,4.7
489,nenjiang,32,CN,1586616164,47,49.18,125.22,46.78,5.06
490,cam ranh,20,VN,1586616177,79,11.92,109.16,84.2,1.12
491,tigil,0,RU,1586616177,91,57.8,158.67,9.9,2.82
492,killybegs,26,IE,1586616177,67,54.63,-8.45,62.01,3.36
493,magistralnyy,100,RU,1586616178,81,56.17,107.45,34.83,5.75
495,aykhal,75,RU,1586616178,93,66,111.5,32.0,8.95
496,guaranesia,70,BR,1586616178,59,-21.3,-46.8,74.77,2.55
497,flinders,2,AU,1586616175,44,-34.58,150.86,57.2,16.11
498,loreto,43,MX,1586616107,15,22.27,-101.97,69.53,8.9
499,hualmay,36,PE,1586615942,71,-11.1,-77.61,75.54,7.65
500,olden,100,NO,1586616179,89,61.84,6.81,43.0,5.01
501,dali,8,CN,1586616179,20,25.7,100.18,54.5,2.89
502,visby,100,SE,1586616179,37,57.64,18.3,52.0,13.87
503,ozernovskiy,1,RU,1586616180,92,51.5,156.52,28.72,6.31
504,hervey bay,78,AU,1586616180,94,-25.3,152.85,73.99,5.82
505,yulara,79,AU,1586616133,22,-25.24,130.99,64.4,5.08
506,gaziantep,20,TR,1586616180,25,37.06,37.38,69.8,8.05
507,jalu,95,LY,1586616180,20,29.03,21.55,73.92,9.62
509,elko,1,US,1586616181,64,41,-115.5,45.0,3.36
510,klaksvik,100,FO,1586616139,100,62.23,-6.59,44.6,17.22
511,conneaut,20,US,1586616181,56,41.95,-80.55,45.0,10.29
512,miajadas,100,ES,1586616181,74,39.15,-5.91,64.99,4
514,nemuro,46,JP,1586615911,91,43.32,145.57,30.67,10.25
515,sangar,100,RU,1586615986,98,63.92,127.47,27.34,2.26
516,pimentel,100,PE,1586616182,29,-6.84,-79.93,66.2,10.29
517,barreirinhas,66,BR,1586616182,70,-2.75,-42.83,86.04,7.09
518,kloulklubed,75,PW,1586616182,88,7.04,134.26,78.8,3.36
519,myitkyina,0,MM,1586616182,27,25.38,97.4,77.13,3
520,manzil salim,40,TN,1586616182,48,35.86,8.48,64.4,10.29
521,werda,20,BW,1586616182,24,-25.27,23.28,82.63,6.82
522,saumur,0,FR,1586616183,35,47.33,-0.25,73.4,3.36
523,lahstedt,87,DE,1586616183,23,52.25,10.23,64.99,6.93
524,bardiyah,0,LY,1586616183,58,31.76,25.09,63.82,14.23
525,tanah merah,20,MY,1586616183,83,5.8,102.15,84.2,5.82
526,byron bay,6,AU,1586616183,46,-28.65,153.62,73.99,12.75
527,gunjur,0,GM,1586616183,47,13.2,-16.73,82.22,13.11
528,nanakuli,90,US,1586616184,94,21.39,-158.15,77.0,6.89
530,darhan,0,MN,1586616164,29,49.49,105.92,51.91,7.67
531,lavrentiya,99,RU,1586616184,98,65.58,-171,27.61,8.28
532,manbij,20,SY,1586616184,25,36.53,37.95,66.2,8.05
533,adrar,0,MR,1586616184,9,20.5,-10.07,98.65,10.16
534,okhotsk,98,RU,1586616185,97,59.38,143.3,26.82,1.95
535,rancho palos verdes,40,US,1586616039,100,33.74,-118.39,55.4,3.13
536,las vegas,1,US,1586615919,54,36.17,-115.14,54.0,8.05
537,cabrero,40,CL,1586616185,87,-37.03,-72.4,62.6,13.87
538,akyab,45,MM,1586616185,84,20.15,92.9,79.38,5.21
539,lixourion,20,GR,1586616185,77,38.2,20.43,64.4,9.17
540,shaoguan,76,CN,1586616185,78,24.8,113.58,54.9,4.94
541,jabinyanah,25,TN,1586616186,60,35.03,10.91,69.8,11.41
542,itum-kale,99,RU,1586616186,43,42.74,45.58,48.63,1.5
543,hami,100,CN,1586616147,16,42.8,93.45,63.81,7.09
544,nezhinka,75,RU,1586616186,65,51.77,55.37,53.6,11.18
545,naroda,4,IN,1586616186,20,23.08,72.67,96.8,12.82
546,san policarpo,13,PH,1586616186,73,12.18,125.51,79.93,2.19
547,reconquista,0,AR,1586616187,38,-29.15,-59.65,73.62,8.81
548,leh,35,IN,1586616187,16,34.17,77.58,37.22,1.39
549,shenjiamen,100,CN,1586616187,83,29.96,122.3,52.14,26.11
550,bure,90,ET,1586616187,32,10.7,37.07,71.58,5.44
551,wairoa,4,NZ,1586616187,91,-39.03,177.37,51.01,3
552,preobrazheniye,12,RU,1586616117,94,42.9,133.91,29.53,5.88
554,kamenka,100,RU,1586615944,89,51.32,42.77,37.99,11.72
556,cuenca,90,EC,1586616188,100,-2.88,-78.98,57.2,3.36
557,alyangula,75,AU,1586616188,94,-13.85,136.42,77.0,7.83
558,uong bi,79,VN,1586616189,94,21.03,106.78,75.2,4.7
559,sheopur,0,IN,1586616190,13,25.67,76.7,91.09,6.04
560,madimba,95,TZ,1586616190,82,-10.4,40.33,80.78,14.32
561,baijiantan,82,CN,1586616191,34,45.63,85.18,56.77,1.97
562,jishou,72,CN,1586616191,79,28.32,109.72,48.79,0.85
563,port augusta,90,AU,1586616127,63,-32.5,137.77,60.8,10.29
564,contamana,96,PE,1586616191,71,-7.33,-75.02,83.73,1.7
565,snasa,100,NO,1586616192,79,64.25,12.38,36.25,4.94
566,yurimaguas,90,PE,1586616192,100,-5.9,-76.08,75.2,1.54
567,deputatskiy,96,RU,1586616061,92,69.3,139.9,22.96,13.11
568,nueva concepcion,20,GT,1586616192,74,14.2,-91.3,82.4,2.89
569,galdar,20,ES,1586616192,56,28.15,-15.65,75.0,27.51
570,buluang,2,PH,1586616193,85,13.31,123.34,77.36,4.38
571,markova,56,UA,1586616193,23,48.68,24.41,60.8,6.71
572,metro,10,ID,1586615969,83,-5.11,105.31,78.17,1.45
573,port moresby,40,PG,1586616193,94,-9.44,147.18,78.8,5.82
574,zhigansk,100,RU,1586616190,95,66.77,123.37,32.0,12.93
575,yerofey pavlovich,0,RU,1586616194,70,53.97,121.97,34.95,2.66
576,matara,0,LK,1586616194,85,5.95,80.54,79.23,5.61
577,kontagora,93,NG,1586616194,12,10.4,5.47,97.63,9.82
578,perelyub,97,RU,1586616194,49,51.87,50.37,49.41,8.39
579,sisimiut,100,GL,1586616195,84,66.94,-53.67,34.45,2.15
580,bose,0,IT,1586616195,17,45.46,8.01,80.01,4.7
581,inirida,99,CO,1586616195,63,3.87,-67.92,85.69,3.11
582,basco,79,PH,1586616196,73,20.45,121.97,76.73,5.3
583,ballitoville,10,ZA,1586616196,69,-29.54,31.21,78.8,10.29
584,umm lajj,0,SA,1586616196,51,25.02,37.27,72.03,15.79
585,poltavka,25,RU,1586616196,47,54.37,71.76,49.42,2.21
586,besikduzu,6,TR,1586616196,51,41.05,39.23,55.4,3.38
587,mattru,96,SL,1586616197,55,7.62,-11.83,90.36,6.13
588,port-cartier,75,CA,1586616197,51,50.03,-66.87,35.6,17.22
589,mandera,74,KE,1586616197,6,3.94,41.87,96.01,1.99
590,wuwei,37,CN,1586616161,14,37.93,102.64,50.0,1.01
591,chapais,90,CA,1586616197,73,49.78,-74.85,26.6,11.41
592,kendari,100,ID,1586616197,95,-3.94,122.5,75.04,1.97
593,kalaleh,90,IR,1586616198,82,37.38,55.49,55.4,1.01
594,peleduy,100,RU,1586616198,86,59.63,112.74,34.34,5.26
595,husum,90,DE,1586616198,55,54.49,9.05,61.0,5.82
596,paita,96,PE,1586616154,100,-5.09,-81.11,62.6,9.17
597,bubaque,0,GW,1586616198,75,11.28,-15.83,79.05,10.87
599,olga,42,RU,1586616199,92,43.74,135.29,29.17,5.84
600,severo-yeniseyskiy,1,RU,1586616199,94,60.37,93.04,24.24,4.09
601,sidi ali,88,DZ,1586616199,55,36.1,0.42,65.98,12.53
602,srednekolymsk,1,RU,1586616199,95,67.45,153.68,16.5,7.23
603,tahta,0,EG,1586616200,18,26.77,31.5,76.75,14.88
604,carmen,20,MX,1586616113,74,18.63,-91.83,82.4,11.41
605,caluquembe,36,AO,1586616200,51,-13.78,14.68,71.1,1.92
607,wau,100,SS,1586616200,42,7.7,28,88.48,2.46
608,vincennes,41,FR,1586616201,25,48.85,2.43,79.0,5.82
